{"stats":{"minecraft:killed":{"minecraft:pig":4,"minecraft:chicken":1},"minecraft:used":{"minecraft:dirt":4},"minecraft:picked_up":{"minecraft:feather":1,"minecraft:chicken":1,"minecraft:jungle_log":1,"minecraft:wheat_seeds":13,"minecraft:porkchop":6,"minecraft:dirt":4},"minecraft:mined":{"minecraft:short_grass":79,"minecraft:grass_block":2,"minecraft:jungle_log":1,"minecraft:dirt":3,"minecraft:jungle_leaves":3,"minecraft:fern":31},"minecraft:custom":{"minecraft:time_since_rest":6496,"minecraft:crouch_one_cm":428,"minecraft:play_time":6496,"minecraft:sprint_one_cm":13348,"minecraft:damage_taken":50,"minecraft:walk_one_cm":4830,"minecraft:sneak_time":187,"minecraft:mob_kills":5,"minecraft:jump":118,"minecraft:damage_dealt":440,"minecraft:leave_game":2,"minecraft:time_since_death":6496,"minecraft:total_world_time":6496,"minecraft:fall_one_cm":2215,"minecraft:fly_one_cm":19861}},"DataVersion":3953}